"Agency Name","Adjutant General's Office"
"IDC Number","E24-D123-PG"
"IDC Project Name","test test test"
"IDC Contractor","John Dow"
"Effective Date","2012-01-01"
"Termination Date","2014-01-01"



"DO Number","DO Date","DO Amount","Contract Total","Remaining Balance","OSE REV","Project Name"
"do3094","2012-06-01","1000","250000","249000","","Test 2"
"do40495","2012-06-01","1000","250000","249000","","Test 3"
"do32304","2012-06-01","1000","250000","249000","","Test 4"
"do120394","2012-06-01","1000","250000","249000","","Test 1"



"Agency Name","Adjutant General's Office"
"IDC Number","E24-D123-PG"
"IDC Project Name","more tests"
"IDC Contractor","Jane Smith"
"Effective Date","2012-01-01"
"Termination Date","2014-01-01"



"DO Number","DO Date","DO Amount","Contract Total","Remaining Balance","OSE REV","Project Name"



"Agency Name","Adjutant General's Office"
"IDC Number","E24-D123-PG"
"IDC Project Name","building big things!"
"IDC Contractor","Stuart Green"
"Effective Date","2012-01-01"
"Termination Date","2014-01-01"



"DO Number","DO Date","DO Amount","Contract Total","Remaining Balance","OSE REV","Project Name"



"Agency Name","Adjutant General's Office"
"IDC Number","E24-D123-PG"
"IDC Project Name","things"
"IDC Contractor","New Guy"
"Effective Date","2012-01-01"
"Termination Date","2014-01-01"



"DO Number","DO Date","DO Amount","Contract Total","Remaining Balance","OSE REV","Project Name"



